achievement_count,athlete.id,athlete.resource_state,athlete_count,average_speed,comment_count,commute,display_hide_heartrate_option,distance,elapsed_time,elev_high,elev_low,external_id,flagged,from_accepted_tag,has_heartrate,has_kudoed,heartrate_opt_out,id,kudos_count,manual,map.id,map.resource_state,map.summary_polyline,max_speed,moving_time,name,photo_count,pr_count,private,resource_state,sport_type,start_date,start_date_local,timezone,total_elevation_gain,total_photo_count,trainer,type,upload_id,upload_id_str,utc_offset,visibility,average_cadence,average_temp,average_watts,device_name,device_watts,end_latlng1,end_latlng2,kilojoules,max_watts,start_latlng1,start_latlng2,weighted_average_watts,workout_type
0,159183565,1,1,2.754,0,FALSE,FALSE,1.02,1788,0,0,stripped_garmin_ping_522215563748,FALSE,FALSE,FALSE,FALSE,FALSE,17003152350,0,FALSE,a17003152350,2,,8.64,1333,Afternoon Swim,0,0,FALSE,2,Swim,2026-01-10T16:35:38Z,2026-01-10T16:35:38Z,(GMT+00:00) Africa/Abidjan,0,0,TRUE,Swim,18096944188,18096944188,0,everyone,NA,NA,NA,NA,NA,NA,NA,NA,NA,NA,NA,NA,NA
0,159183565,1,1,2.7108,0,FALSE,FALSE,1.02,1669,0,0,stripped_garmin_ping_520985189188,FALSE,FALSE,FALSE,FALSE,FALSE,16965955637,0,FALSE,a16965955637,2,,6.408,1354,Evening Swim,0,0,FALSE,2,Swim,2026-01-06T18:39:17Z,2026-01-06T18:39:17Z,(GMT+00:00) Africa/Abidjan,0,0,TRUE,Swim,18059415939,18059415939,0,everyone,NA,NA,NA,NA,NA,NA,NA,NA,NA,NA,NA,NA,NA
0,159183565,1,1,2.6856,0,FALSE,FALSE,1.02,1682,0,0,stripped_garmin_ping_519846100802,FALSE,FALSE,FALSE,FALSE,FALSE,16932412103,0,FALSE,a16932412103,2,,10.8,1367,Morning Swim,0,0,FALSE,2,Swim,2026-01-04T10:23:13Z,2026-01-04T10:23:13Z,(GMT+00:00) Africa/Abidjan,0,0,TRUE,Swim,18025520275,18025520275,0,everyone,NA,NA,NA,NA,NA,NA,NA,NA,NA,NA,NA,NA,NA
0,159183565,1,1,2.682,0,FALSE,FALSE,1.02,1696,0,0,stripped_garmin_ping_519640975578,FALSE,FALSE,FALSE,FALSE,FALSE,16927471107,0,FALSE,a16927471107,2,,6.048,1369,Afternoon Swim,0,0,FALSE,2,Swim,2026-01-03T16:45:00Z,2026-01-03T16:45:00Z,(GMT+00:00) Africa/Abidjan,0,0,TRUE,Swim,18020496598,18020496598,0,everyone,NA,NA,NA,NA,NA,NA,NA,NA,NA,NA,NA,NA,NA
0,159183565,1,1,2.5524,0,FALSE,FALSE,1.02,1692,0,0,stripped_garmin_ping_519579769417,FALSE,FALSE,FALSE,FALSE,FALSE,16925403476,0,FALSE,a16925403476,2,,9,1438,Evening Swim,0,0,FALSE,2,Swim,2026-01-02T18:36:32Z,2026-01-02T18:36:32Z,(GMT+00:00) Africa/Abidjan,0,0,TRUE,Swim,18018417610,18018417610,0,everyone,NA,NA,NA,NA,NA,NA,NA,NA,NA,NA,NA,NA,NA
0,159183565,1,1,2.6496,0,FALSE,FALSE,0.81,1445,0,0,stripped_garmin_ping_518420380342,FALSE,FALSE,FALSE,FALSE,FALSE,16892310989,0,FALSE,a16892310989,2,,21.6,1101,Morning Swim,0,0,FALSE,2,Swim,2025-12-31T10:02:09Z,2025-12-31T10:02:09Z,(GMT+00:00) Africa/Abidjan,0,0,TRUE,Swim,17984836402,17984836402,0,everyone,NA,NA,NA,NA,NA,NA,NA,NA,NA,NA,NA,NA,NA
0,159183565,1,1,2.6136,0,FALSE,FALSE,1.17,2109,0,0,stripped_garmin_ping_518420332853,FALSE,FALSE,FALSE,FALSE,FALSE,16892309820,0,FALSE,a16892309820,2,,23.759999999999998,1612,Morning Swim,0,0,FALSE,2,Swim,2025-12-29T10:22:45Z,2025-12-29T10:22:45Z,(GMT+00:00) Africa/Abidjan,0,0,TRUE,Swim,17984835309,17984835309,0,everyone,NA,NA,NA,NA,NA,NA,NA,NA,NA,NA,NA,NA,NA
0,159183565,1,1,2.9232000000000005,0,FALSE,FALSE,1.2,1713,0,0,stripped_garmin_ping_518420265182,FALSE,FALSE,FALSE,FALSE,FALSE,16892303158,0,FALSE,a16892303158,2,,15.912,1478,Morning Swim,0,0,FALSE,2,Swim,2025-12-28T10:22:48Z,2025-12-28T10:22:48Z,(GMT+00:00) Africa/Abidjan,0,0,TRUE,Swim,17984828443,17984828443,0,everyone,NA,NA,NA,NA,NA,NA,NA,NA,NA,NA,NA,NA,NA
0,159183565,1,1,2.7828,0,FALSE,FALSE,0.33,443,0,0,stripped_garmin_ping_515934775300,FALSE,FALSE,FALSE,FALSE,FALSE,16826952738,0,FALSE,a16826952738,2,,5.184,427,Morning Swim,0,0,FALSE,2,Swim,2025-12-24T08:54:50Z,2025-12-24T08:54:50Z,(GMT+00:00) Africa/Abidjan,0,0,TRUE,Swim,17918334947,17918334947,0,everyone,NA,NA,NA,NA,NA,NA,NA,NA,NA,NA,NA,NA,NA
0,159183565,1,1,3.9132,0,FALSE,FALSE,0.3,290,0,0,stripped_garmin_ping_515934775300,FALSE,FALSE,FALSE,FALSE,FALSE,16826952730,0,FALSE,a16826952730,2,,7.2,276,Morning Swim,0,0,FALSE,2,Swim,2025-12-24T08:49:14Z,2025-12-24T08:49:14Z,(GMT+00:00) Africa/Abidjan,0,0,TRUE,Swim,17918334754,17918334754,0,everyone,NA,NA,NA,NA,NA,NA,NA,NA,NA,NA,NA,NA,NA
0,159183565,1,1,2.7936,0,FALSE,FALSE,1.02,1496,0,0,stripped_garmin_ping_515579000381,FALSE,FALSE,FALSE,FALSE,FALSE,16817714805,0,FALSE,a16817714805,2,,24.48,1314,Morning Swim,0,0,FALSE,2,Swim,2025-12-23T08:42:35Z,2025-12-23T08:42:35Z,(GMT+00:00) Africa/Abidjan,0,0,TRUE,Swim,17908987225,17908987225,0,everyone,NA,NA,NA,NA,NA,NA,NA,NA,NA,NA,NA,NA,NA
0,159183565,1,1,2.6388,0,FALSE,FALSE,1.05,1732,0,0,stripped_garmin_ping_514896318122,FALSE,FALSE,FALSE,FALSE,FALSE,16800688867,0,FALSE,a16800688867,2,,9.864,1433,Morning Swim,0,0,FALSE,2,Swim,2025-12-21T10:15:24Z,2025-12-21T10:15:24Z,(GMT+00:00) Africa/Abidjan,0,0,TRUE,Swim,17891771082,17891771082,0,everyone,NA,NA,NA,NA,NA,NA,NA,NA,NA,NA,NA,NA,NA
0,159183565,1,1,2.5452,0,FALSE,FALSE,1.02,1716,0,0,stripped_garmin_ping_514884530550,FALSE,FALSE,FALSE,FALSE,FALSE,16800073721,0,FALSE,a16800073721,2,,5.688000000000001,1442,Afternoon Swim,0,0,FALSE,2,Swim,2025-12-20T16:35:20Z,2025-12-20T16:35:20Z,(GMT+00:00) Africa/Abidjan,0,0,TRUE,Swim,17891151363,17891151363,0,everyone,NA,NA,NA,NA,NA,NA,NA,NA,NA,NA,NA,NA,NA
0,159183565,1,1,2.6352,0,FALSE,FALSE,0.93,1567,0,0,stripped_garmin_ping_514549036146,FALSE,FALSE,FALSE,FALSE,FALSE,16791702817,0,FALSE,a16791702817,2,,23.328000000000003,1270,Evening Swim,0,0,FALSE,2,Swim,2025-12-18T18:36:20Z,2025-12-18T18:36:20Z,(GMT+00:00) Africa/Abidjan,0,0,TRUE,Swim,17882634590,17882634590,0,everyone,NA,NA,NA,NA,NA,NA,NA,NA,NA,NA,NA,NA,NA
0,159183565,1,1,10.314000000000002,0,FALSE,FALSE,2.5269,888,9,1.8,stripped_garmin_ping_513032167926,FALSE,FALSE,FALSE,FALSE,FALSE,16753552240,0,FALSE,a16753552240,2,qvxxHx}b@V]PATZZFL?d@Ib@AjAHPFb@?XFHAj@Pb@APBL?TBPJHABGFmACMi@oCOi@Iu@w@gBOy@W{@Ui@KIYH[`@IFQCY[_AqBiAiDUg@Ia@Sc@G_@A]@QEW@Kf@Qf@YJQJIHALALHFLJ`@B@BAEEFI?QBCHGTBLB^KLBHDTj@`@bD\nAJh@r@fCPjBDL\`@FBJCJG\c@LIXLL@|@Al@OD?H@N?DBLlA?ZENUBGHCnAMl@Cr@Sj@GNGDUA_@DEAGMc@e@GMs@q@SYIY[]S_@U{@Kc@Qg@Q_AM]MgAIWMQg@}AIYAKm@oAOe@]w@ES?]@BADG@IEEKICe@d@w@\CDFFFNNfAHRN`AnAjDTr@R`@J^n@xB?RADi@b@GHBP@TCVGHe@d@GPH^Bn@JRTLHRF^JP@J,16.488,882,Evening Run,0,0,FALSE,2,Run,2025-12-12T18:11:21Z,2025-12-12T18:11:21Z,(GMT+00:00) Europe/London,8,0,FALSE,Run,17844014632,17844014632,0,everyone,NA,NA,NA,NA,NA,51.412485,-0.183965,NA,NA,51.413691,-0.184127,NA,NA
0,159183565,1,1,2.2680000000000002,0,FALSE,FALSE,0.99,1817,0,0,stripped_garmin_ping_511150561450,FALSE,FALSE,FALSE,FALSE,FALSE,16703650670,0,FALSE,a16703650670,2,,7.776000000000001,1571,Evening Swim,0,0,FALSE,2,Swim,2025-12-08T19:22:24Z,2025-12-08T19:22:24Z,(GMT+00:00) Africa/Abidjan,0,0,TRUE,Swim,17793480018,17793480018,0,everyone,NA,NA,NA,NA,NA,NA,NA,NA,NA,NA,NA,NA,NA
2,159183565,1,14,8.0856,0,FALSE,FALSE,5.3731,2462,40.8,21,stripped_garmin_ping_507639193820,FALSE,FALSE,FALSE,FALSE,FALSE,16608991063,0,FALSE,a16608991063,2,irmyHn|ZMPOHYKU@UHYRKNOBYTYFGFMVEBECEDCPGDE@CFE@CH}@LGHSH]Ha@Dq@X[Au@Mo@DQAGBQZ]`@K\Dl@P\D\I\@?EA@@EBCLMBOIAICAOLM?MB_@RmAZk@RYTWt@MNG?IAOKIC{@?i@BQDSAUDs@@g@RcAJg@AUHmB@YDSHi@?SHk@HSJQD{@b@m@TeAp@e@Pu@J}@@]HS?c@LWRu@z@w@rAe@x@Uv@Yl@Un@_@j@Sf@IrABzACRIb@Bb@A`@Ur@YZOHCFKp@IxBg@hCCZGRY`COh@Gd@[bAGd@]nAIn@K\m@bDUt@CVQr@Id@KTCRB\B~@Ul@SZ@XBBT@`@J^NNJhCd@j@Rd@HlBf@\LPNZFnAh@d@Jt@^pBl@|Bz@d@Hz@I\DRFHHZ|@RdAVn@P~CV~AF@BEx@yAL_@R_AFQn@i@h@]p@q@L[JMHUR[\cAHO^{@t@mAXa@zAoA`@Q\Id@]b@Sl@e@VOPi@HkAJa@t@aBf@sAPm@Ju@d@aHDkAGg@Uw@QiACgEE[IWYuDOcAIuBMi@?OCMKkA[oBGo@K[CQE]Ac@Ku@EMKo@Im@Kg@Bg@`@]JMBIGy@[qCBQHGHQXOVQh@KH?^K`@OPMTAFHAAl@CBCGs@Qs@GkAHu@HiADOHIZCHHDLFf@PPAB@JB@X@r@Yd@]HAPINCRONIlASJKj@WPCj@UPCLITEn@[PGNMZOVGH@VEh@UBMJI?EBAOWU}@c@iACK@a@E[g@_C,18.215999999999998,2392,Morning Run,0,0,FALSE,2,Run,2025-11-30T10:31:29Z,2025-11-30T10:31:29Z,(GMT+00:00) Europe/London,24,0,FALSE,Run,17697381410,17697381410,0,everyone,NA,NA,NA,NA,NA,51.520693,-0.140707,NA,NA,51.520538,-0.142954,NA,NA
0,159183565,1,1,2.6928,0,FALSE,FALSE,1.02,1528,0,0,stripped_garmin_ping_505500552167,FALSE,FALSE,FALSE,FALSE,FALSE,16551234417,1,FALSE,a16551234417,2,,18,1363,Morning Swim,0,0,FALSE,2,Swim,2025-11-23T10:25:30Z,2025-11-23T10:25:30Z,(GMT+00:00) Africa/Abidjan,0,0,TRUE,Swim,17638613432,17638613432,0,everyone,NA,NA,NA,NA,NA,NA,NA,NA,NA,NA,NA,NA,NA
0,159183565,1,1,2.7576,0,FALSE,FALSE,0.9,1180,0,0,stripped_garmin_ping_504578681228,FALSE,FALSE,FALSE,FALSE,FALSE,16527045333,0,FALSE,a16527045333,2,,7.2,1175,Afternoon Swim,0,0,FALSE,2,Swim,2025-11-21T17:50:52Z,2025-11-21T17:50:52Z,(GMT+00:00) Africa/Abidjan,0,0,TRUE,Swim,17614076783,17614076783,0,everyone,NA,NA,NA,NA,NA,NA,NA,NA,NA,NA,NA,NA,NA
0,159183565,1,1,2.502,0,FALSE,FALSE,1.02,1477,0,0,stripped_garmin_ping_504211312029,FALSE,FALSE,FALSE,FALSE,FALSE,16517685382,0,FALSE,a16517685382,2,,2.952,1467,Evening Swim,0,0,FALSE,2,Swim,2025-11-20T18:22:35Z,2025-11-20T18:22:35Z,(GMT+00:00) Africa/Abidjan,0,0,TRUE,Swim,17604596744,17604596744,0,everyone,NA,NA,NA,NA,NA,NA,NA,NA,NA,NA,NA,NA,NA
0,159183565,1,1,2.6352,0,FALSE,FALSE,1.05,1561,0,0,stripped_garmin_ping_502722602534,FALSE,FALSE,FALSE,FALSE,FALSE,16477574958,0,FALSE,a16477574958,2,,6.768,1434,Morning Swim,0,0,FALSE,2,Swim,2025-11-16T10:29:40Z,2025-11-16T10:29:40Z,(GMT+00:00) Africa/Abidjan,0,0,TRUE,Swim,17564185277,17564185277,0,everyone,NA,NA,NA,NA,NA,NA,NA,NA,NA,NA,NA,NA,NA
0,159183565,1,1,1.9548,0,FALSE,FALSE,0.3,571,0,0,stripped_garmin_ping_502722535558,FALSE,FALSE,FALSE,FALSE,FALSE,16477568812,0,FALSE,a16477568812,2,,7.2,552,Afternoon Swim,0,0,FALSE,2,Swim,2025-11-15T16:38:31Z,2025-11-15T16:38:31Z,(GMT+00:00) Africa/Abidjan,0,0,TRUE,Swim,17564179181,17564179181,0,everyone,NA,NA,NA,NA,NA,NA,NA,NA,NA,NA,NA,NA,NA
0,159183565,1,1,2.574,0,FALSE,FALSE,1.02,1607,0,0,stripped_garmin_ping_502722486535,FALSE,FALSE,FALSE,FALSE,FALSE,16477568686,0,FALSE,a16477568686,2,,3.3120000000000003,1427,Evening Swim,0,0,FALSE,2,Swim,2025-11-13T19:00:52Z,2025-11-13T19:00:52Z,(GMT+00:00) Africa/Abidjan,0,0,TRUE,Swim,17564179049,17564179049,0,everyone,NA,NA,NA,NA,NA,NA,NA,NA,NA,NA,NA,NA,NA
0,159183565,1,1,2.4156000000000004,0,FALSE,FALSE,1.02,1785,0,0,stripped_garmin_ping_500964462711,FALSE,FALSE,FALSE,FALSE,FALSE,16428418245,0,FALSE,a16428418245,2,,7.776000000000001,1519,Evening Swim,0,0,FALSE,2,Swim,2025-11-11T18:51:55Z,2025-11-11T18:51:55Z,(GMT+00:00) Africa/Abidjan,0,0,TRUE,Swim,17514614469,17514614469,0,everyone,NA,NA,NA,NA,NA,NA,NA,NA,NA,NA,NA,NA,NA
0,159183565,1,1,2.4732000000000003,0,FALSE,FALSE,0.99,1663,0,0,stripped_garmin_ping_500412515893,FALSE,FALSE,FALSE,FALSE,FALSE,16411580750,0,FALSE,a16411580750,2,,8.352,1441,Morning Swim,0,0,FALSE,2,Swim,2025-11-09T09:56:46Z,2025-11-09T09:56:46Z,(GMT+00:00) Africa/Abidjan,0,0,TRUE,Swim,17497684979,17497684979,0,everyone,NA,NA,NA,NA,NA,NA,NA,NA,NA,NA,NA,NA,NA
0,159183565,1,1,2.5704,0,FALSE,FALSE,1.05,1606,0,0,stripped_garmin_ping_500412423099,FALSE,FALSE,FALSE,FALSE,FALSE,16411580605,0,FALSE,a16411580605,2,,4.032000000000001,1470,Afternoon Swim,0,0,FALSE,2,Swim,2025-11-08T16:30:45Z,2025-11-08T16:30:45Z,(GMT+00:00) Africa/Abidjan,0,0,TRUE,Swim,17497684929,17497684929,0,everyone,NA,NA,NA,NA,NA,NA,NA,NA,NA,NA,NA,NA,NA
0,159183565,1,1,2.5956,0,FALSE,FALSE,1.02,1509,0,0,stripped_garmin_ping_499143350174,FALSE,FALSE,FALSE,FALSE,FALSE,16377094098,0,FALSE,a16377094098,2,,3.6,1414,Evening Swim,0,0,FALSE,2,Swim,2025-11-06T18:50:46Z,2025-11-06T18:50:46Z,(GMT+00:00) Africa/Abidjan,0,0,TRUE,Swim,17462836650,17462836650,0,everyone,NA,NA,NA,NA,NA,NA,NA,NA,NA,NA,NA,NA,NA
0,159183565,1,1,3.0492,0,FALSE,FALSE,1.02,1301,0,0,stripped_garmin_ping_498725472619,FALSE,FALSE,FALSE,FALSE,FALSE,16364661104,0,FALSE,a16364661104,2,,15.408000000000001,1204,Evening Swim,0,0,FALSE,2,Swim,2025-11-04T18:43:20Z,2025-11-04T18:43:20Z,(GMT+00:00) Africa/Abidjan,0,0,TRUE,Swim,17450346798,17450346798,0,everyone,NA,NA,NA,NA,NA,NA,NA,NA,NA,NA,NA,NA,NA
0,159183565,1,1,2.718,0,FALSE,FALSE,1,1527,0,0,stripped_garmin_ping_491454662528,FALSE,FALSE,FALSE,FALSE,FALSE,16156903606,0,FALSE,a16156903606,2,,21.6,1325,Lunch Swim,0,0,FALSE,2,Swim,2025-10-12T11:51:37Z,2025-10-12T12:51:37Z,(GMT+01:00) Africa/Algiers,0,0,TRUE,Swim,17240452217,17240452217,3600,everyone,NA,NA,NA,NA,NA,NA,NA,NA,NA,NA,NA,NA,NA
0,159183565,1,1,2.8728000000000002,0,FALSE,FALSE,0.68,986,0,0,stripped_garmin_ping_489134317534,FALSE,FALSE,FALSE,FALSE,FALSE,16088562129,0,FALSE,a16088562129,2,,15.984000000000002,852,Evening Swim,0,0,FALSE,2,Swim,2025-10-09T17:48:58Z,2025-10-09T18:48:58Z,(GMT+01:00) Africa/Algiers,0,0,TRUE,Swim,17171367841,17171367841,3600,everyone,NA,NA,NA,NA,NA,NA,NA,NA,NA,NA,NA,NA,NA
0,159183565,1,19,8.6544,0,FALSE,FALSE,5.4479,2375,47,35.4,stripped_garmin_ping_488415003417,FALSE,FALSE,FALSE,FALSE,FALSE,16066633161,0,FALSE,a16066633161,2,_gnyHpj[D\CBEEOLQ@YES@a@LOPSDONy@RMHK@Q?[LIGSEI?WHQAMDKCO@GA]Ae@DWCGFM@w@IW@ICk@@SC]DYC]?wAFK?ICc@Ca@Jo@DSBUC_@?GAMDQEa@HI?GEO?WDQEUDSFWAKB]PI@GJIDK@IDMBa@P]FI?g@TSLw@X_@R{@Pi@Ze@Lq@Xy@Pu@^s@LKJI?WFMLYDc@Zg@RYDYL{@T[NQ?QLM@EJQL]h@ONs@zAUrAGPSbBU|@Ip@Qp@GVElAFd@?`@PfADn@RpARv@@^TjALpALx@Bf@Ln@Bb@Ll@Fd@@DB?PtAj@~CFt@\bCHPDd@J^Jf@VtBPx@VhBZhAFv@^pBH`AHX@XHH@XL`@D^ZdA@\HPLNTLTZVHFLTRHPNPVPJNPLFHVBBB`@^^d@b@Vl@z@HFFBJVHFJ?DBFAHF\V^n@ZND?\HNCh@FZELM\GFEp@GXQTC\[RC\I`AoANe@`AqBZo@Za@HYdAcBHSpA}Bv@iB^i@Ti@RMz@mBPY~@eAj@_@NSj@]l@c@XMZ_@TKXSZc@P_@l@aC^iALm@Na@Ru@N[`@}AHc@Rk@J}@KuBSw@Aq@OiA]aDGU?]O{BSgAAa@GSC_ACKAc@Gc@Co@I_@A]Mk@@QGKAQ@]GQ?]UqACmAGKGYOmAAUKe@AYOgAA[GW?WGUEe@EmAIm@?IFEJQ`@MDK,14.976,2266,Morning Run,0,0,FALSE,2,Run,2025-10-04T09:42:16Z,2025-10-04T10:42:16Z,(GMT+00:00) Europe/London,39,0,FALSE,Run,17149232732,17149232732,3600,everyone,NA,NA,NA,NA,NA,51.525039,-0.145706,NA,NA,51.523848,-0.145207,NA,NA
0,159183565,1,1,2.7864,0,FALSE,FALSE,1,1506,0,0,stripped_garmin_ping_488414589206,FALSE,FALSE,FALSE,FALSE,FALSE,16066614699,0,FALSE,a16066614699,2,,23.976000000000003,1292,Evening Swim,0,0,FALSE,2,Swim,2025-09-29T18:17:53Z,2025-09-29T19:17:53Z,(GMT+01:00) Africa/Algiers,0,0,TRUE,Swim,17149214366,17149214366,3600,everyone,NA,NA,NA,NA,NA,NA,NA,NA,NA,NA,NA,NA,NA
0,159183565,1,1,3.0348,0,FALSE,FALSE,0.51,727,0,0,stripped_garmin_ping_484188730870,FALSE,FALSE,FALSE,FALSE,FALSE,15936083820,0,FALSE,a15936083820,2,,26.28,605,Evening Swim,0,0,FALSE,2,Swim,2025-09-23T18:13:11Z,2025-09-23T19:13:11Z,(GMT+01:00) Africa/Algiers,0,0,TRUE,Swim,17016602733,17016602733,3600,everyone,NA,NA,NA,NA,NA,NA,NA,NA,NA,NA,NA,NA,NA
0,159183565,1,1,1.8684,0,FALSE,FALSE,0.5247999999999999,1012,19.2,17.8,stripped_garmin_ping_482834086956,FALSE,FALSE,FALSE,FALSE,FALSE,15893957527,0,FALSE,a15893957527,2,s_urFm`uxBIHMd@E?A@GC^v@?HSL@@ADH@AD,4.824000000000001,1012,Afternoon Swim,0,0,FALSE,2,Swim,2025-09-21T12:09:03Z,2025-09-21T14:09:03Z,(GMT+01:00) Europe/Tirane,0,0,FALSE,Swim,16973450667,16973450667,7200,everyone,NA,NA,NA,NA,NA,39.925967,19.936803,NA,NA,39.92586,19.937511,NA,NA
0,159183565,1,1,1.746,0,FALSE,FALSE,0.21330000000000002,440,26.4,26.3,stripped_garmin_ping_482834006272,FALSE,FALSE,FALSE,FALSE,FALSE,15893957377,0,FALSE,a15893957377,2,uzgrFijeyBWHAAA@ACDJHKGFDCO@@CDAF@C@ADFEI@AABCADGD?AF@@GCA,3.744,440,Morning Swim,0,0,FALSE,2,Swim,2025-09-21T06:31:57Z,2025-09-21T08:31:57Z,(GMT+01:00) Europe/Tirane,0,0,FALSE,Swim,16973450553,16973450553,7200,everyone,NA,NA,NA,NA,NA,39.858642,20.020976,NA,NA,39.858515,20.021017,NA,NA
0,159183565,1,1,1.5552,0,FALSE,FALSE,1.0266,2765,7.4,7.2,stripped_garmin_ping_482381218702,FALSE,FALSE,FALSE,FALSE,FALSE,15879144629,0,FALSE,a15879144629,2,gjvqFu``yBf@L?CQWC@ME?BAEEFC@ROCVED_@PK@ECNUNF@GNCNFTqB,6.274800000000001,2378,Lunch Swim,0,0,FALSE,2,Swim,2025-09-20T09:10:24Z,2025-09-20T11:10:24Z,(GMT+01:00) Europe/Tirane,0,0,FALSE,Swim,16958196041,16958196041,7200,everyone,NA,NA,NA,NA,NA,39.768643,19.994434,NA,NA,39.768842,19.993873,NA,NA
0,159183565,1,1,1.6704,0,FALSE,FALSE,0.4422,954,26.4,26.3,stripped_garmin_ping_482233167285,FALSE,FALSE,FALSE,FALSE,FALSE,15872533316,0,FALSE,a15872533316,2,izgrFijeyB]DKADDF?AC@BCBBA@BE?JMAH@FPABCGEC@IIO@EA@DJ@DAEEMBJFBCBHKSC@@DBJFFGMDJC??C@B@?,3.672,954,Morning Swim,0,0,FALSE,2,Swim,2025-09-20T06:13:47Z,2025-09-20T08:13:47Z,(GMT+01:00) Europe/Tirane,0,0,FALSE,Swim,16951420559,16951420559,7200,everyone,NA,NA,NA,NA,NA,39.858583,20.020895,NA,NA,39.858458,20.021015,NA,NA
0,159183565,1,1,2.6532,0,FALSE,FALSE,1,1644,0,0,stripped_garmin_ping_480818481478,FALSE,FALSE,FALSE,FALSE,FALSE,15827570567,0,FALSE,a15827570567,2,,28.8,1356,Evening Swim,0,0,FALSE,2,Swim,2025-09-15T18:41:47Z,2025-09-15T19:41:47Z,(GMT+01:00) Africa/Algiers,0,0,TRUE,Swim,16905296014,16905296014,3600,everyone,NA,NA,NA,NA,NA,NA,NA,NA,NA,NA,NA,NA,NA
0,159183565,1,1,2.9412,0,FALSE,FALSE,1.02,1697,0,0,stripped_garmin_ping_475905051821,FALSE,FALSE,FALSE,FALSE,FALSE,15667526349,0,FALSE,a15667526349,2,,39.816,1249,Evening Swim,0,0,FALSE,2,Swim,2025-09-01T17:13:12Z,2025-09-01T18:13:12Z,(GMT+01:00) Africa/Algiers,0,0,TRUE,Swim,16735024068,16735024068,3600,everyone,NA,NA,NA,NA,NA,NA,NA,NA,NA,NA,NA,NA,NA
0,159183565,1,1,10.6128,0,FALSE,FALSE,5.0087,1699,35.6,26.4,stripped_garmin_ping_469213943145,FALSE,FALSE,FALSE,FALSE,FALSE,15448416862,0,FALSE,a15448416862,2,,18.648,1699,Evening Run,0,0,FALSE,2,Run,2025-08-13T18:32:03Z,2025-08-13T19:32:03Z,(GMT+01:00) Africa/Algiers,0,0,TRUE,Run,16497808463,16497808463,3600,everyone,NA,NA,NA,NA,NA,NA,NA,NA,NA,NA,NA,NA,NA
0,159183565,1,1,2.9160000000000004,0,FALSE,FALSE,1.02,1434,0,0,stripped_garmin_ping_469048771179,FALSE,FALSE,FALSE,FALSE,FALSE,15441673027,0,FALSE,a15441673027,2,,36.72,1259,Evening Swim,0,0,FALSE,2,Swim,2025-08-12T17:31:01Z,2025-08-12T18:31:01Z,(GMT+01:00) Africa/Algiers,0,0,TRUE,Swim,16490642237,16490642237,3600,everyone,NA,NA,NA,NA,NA,NA,NA,NA,NA,NA,NA,NA,NA
0,159183565,1,6,8.7696,0,FALSE,FALSE,5.378,2435,11.6,2.6,stripped_garmin_ping_468781859322,FALSE,FALSE,FALSE,FALSE,FALSE,15432805540,0,FALSE,a15432805540,2,ibkyHr_IOEY_@?FKHAABEA??ALMBA?BJCAIB??EHBJALDJ?RHR?XLBFNd@Dj@Jl@NL`@p@DPH^AFTv@PfBPNN\LnAP~@Nh@AZJ@LC?EVSVIf@JTJFRLLDPFFHBBDVv@NPJZJLFNLRRh@Vj@^`@J`@XD`@h@@d@FLBJPXF\?HN`@@JHLFPFFBh@@DRLLb@@PRz@LzANt@Fz@Lx@ARB`@Oj@GD?JGHAXCBDZC?AT]nAAPKr@Cd@Kn@Iv@A^Kt@?dBHj@KpAOb@GDSAEHBXEj@[dAEn@Ox@A\Gl@Ur@M|@M\?AATMh@APABE^MZERSNM\KJa@hAEf@?LThDARSr@EVIRM^S`@u@r@Y|@EBO?IBMN,14.472,2208,Morning Run,0,0,FALSE,2,Run,2025-08-09T09:43:13Z,2025-08-09T10:43:13Z,(GMT+00:00) Europe/London,14,0,FALSE,Run,16481178142,16481178142,3600,everyone,NA,NA,NA,NA,NA,51.506034,-0.070705,NA,NA,51.507732,-0.051297,NA,NA
0,159183565,1,1,2.9160000000000004,0,FALSE,FALSE,1.02,1421,0,0,stripped_garmin_ping_468781593163,FALSE,FALSE,FALSE,FALSE,FALSE,15432793336,0,FALSE,a15432793336,2,,27.576,1259,Evening Swim,0,0,FALSE,2,Swim,2025-08-05T17:30:33Z,2025-08-05T18:30:33Z,(GMT+01:00) Africa/Algiers,0,0,TRUE,Swim,16481165053,16481165053,3600,everyone,NA,NA,NA,NA,NA,NA,NA,NA,NA,NA,NA,NA,NA
0,159183565,1,1,3.0852,0,FALSE,FALSE,1.02,1475,0,0,stripped_garmin_ping_454399913618,FALSE,FALSE,FALSE,FALSE,FALSE,14965847511,1,FALSE,a14965847511,2,,30.6,1190,Evening Swim,0,0,FALSE,2,Swim,2025-06-30T17:22:52Z,2025-06-30T18:22:52Z,(GMT+01:00) Africa/Algiers,0,0,TRUE,Swim,15975202587,15975202587,3600,everyone,NA,NA,NA,NA,NA,NA,NA,NA,NA,NA,NA,NA,NA
0,159183565,1,1,9.1296,0,FALSE,FALSE,5.0087,2202,43.2,14.4,stripped_garmin_ping_453620405521,FALSE,FALSE,FALSE,FALSE,FALSE,14941090907,0,FALSE,a14941090907,2,,11.304,1975,Morning Run,0,0,FALSE,2,Run,2025-06-28T09:41:12Z,2025-06-28T10:41:12Z,(GMT+01:00) Africa/Algiers,0,0,TRUE,Run,15947953848,15947953848,3600,everyone,NA,NA,NA,NA,NA,NA,NA,NA,NA,NA,NA,NA,NA
0,159183565,1,1,2.6712000000000002,0,FALSE,FALSE,0.4,663,0,0,stripped_garmin_ping_453003561978,FALSE,FALSE,FALSE,FALSE,FALSE,14922187691,0,FALSE,a14922187691,2,,17.568,539,Evening Swim,0,0,FALSE,2,Swim,2025-06-25T17:22:37Z,2025-06-25T18:22:37Z,(GMT+01:00) Africa/Algiers,0,0,TRUE,Swim,15927226131,15927226131,3600,everyone,NA,NA,NA,NA,NA,NA,NA,NA,NA,NA,NA,NA,NA
0,159183565,1,1,2.8548,0,FALSE,FALSE,1,1458,0,0,stripped_garmin_ping_453003530100,FALSE,FALSE,FALSE,FALSE,FALSE,14922187607,0,FALSE,a14922187607,2,,20.16,1261,Afternoon Swim,0,0,FALSE,2,Swim,2025-06-20T16:13:28Z,2025-06-20T17:13:28Z,(GMT+01:00) Africa/Algiers,0,0,TRUE,Swim,15927226039,15927226039,3600,everyone,NA,NA,NA,NA,NA,NA,NA,NA,NA,NA,NA,NA,NA
0,159183565,1,1,0,0,FALSE,FALSE,0,2861,0,0,stripped_garmin_ping_450019835834,FALSE,FALSE,FALSE,FALSE,FALSE,14827635180,0,FALSE,a14827635180,2,,0,243,Evening Swim,0,0,FALSE,2,Swim,2025-06-14T18:54:45Z,2025-06-14T19:54:45Z,(GMT+01:00) Africa/Algiers,0,0,TRUE,Swim,15824740666,15824740666,3600,everyone,NA,NA,NA,NA,NA,NA,NA,NA,NA,NA,NA,NA,NA
0,159183565,1,1,2.7504,0,FALSE,FALSE,0.775,1214,0,0,stripped_garmin_ping_450019792743,FALSE,FALSE,FALSE,FALSE,FALSE,14827635148,0,FALSE,a14827635148,2,,9,1015,Evening Swim,0,0,FALSE,2,Swim,2025-06-12T19:11:20Z,2025-06-12T20:11:20Z,(GMT+01:00) Africa/Algiers,0,0,TRUE,Swim,15824740641,15824740641,3600,everyone,NA,NA,NA,NA,NA,NA,NA,NA,NA,NA,NA,NA,NA
0,159183565,1,1,2.8836000000000004,0,FALSE,FALSE,1.02,1404,0,0,stripped_garmin_ping_445974096332,FALSE,FALSE,FALSE,FALSE,FALSE,14705610124,0,FALSE,a14705610124,2,,26.28,1273,Evening Swim,0,0,FALSE,2,Swim,2025-06-03T18:47:26Z,2025-06-03T19:47:26Z,(GMT+01:00) Africa/Algiers,0,0,TRUE,Swim,15692778833,15692778833,3600,everyone,NA,NA,NA,NA,NA,NA,NA,NA,NA,NA,NA,NA,NA
0,159183565,1,10,8.4924,0,FALSE,FALSE,5.1392,2246,57,29,stripped_garmin_ping_444132812658,FALSE,FALSE,FALSE,FALSE,FALSE,14650917217,0,FALSE,a14650917217,2,ygqyHp{b@l@]LC@EAO@IJKJG^g@NYGUQ[GOS_ACc@GW]{@Oq@Ca@Kc@Ue@C[IYAOc@mCa@gFAk@EUAOD_@CS@[Hu@FuAAm@BYBoAFgALm@TQDG@KAc@Gc@?iAIk@L}BBM\QZBTANBf@GHF@FLAT?f@Sf@Bb@UHSLGXYNWBUG_@[u@IQSYcA}BOWg@qAe@cAc@}A[g@EE?HC?Yo@aAmA_@kACMCaA@c@Hk@ASBYGmAOa@Ke@s@sBWi@GYa@_AeAgDU_A?MBEfA_BHm@OQI[]y@Qo@_@m@k@wCYaA_@s@E]BUZUVGF@LAx@Y^I^?`@ITQF]LkANe@?IRoBBq@\eBFKT}A^oBFQDGVBp@VTVFRER]nASbAYt@_@t@M^A~@Dl@@FB@FNHfAL^JPVL`A?f@FRGZUZ]h@e@t@cAf@i@JURQPY?BA?`@QKDIb@FT?\HPFX@XPx@Fh@d@lAJn@Nd@Df@`@zAb@rB`@dA`@dBJLBb@JZF`@I\q@lAKJ_@d@M\W^Sd@[n@YZo@`ASPGJAj@CL]p@YZYv@QTQb@S`@I^[j@g@pA]vAMZ[h@?VAHGBOXI`@?LdAfD~@nBDRt@tBVd@Rj@^v@N`@GNWLg@r@qA^I@[AWBe@Ic@OWEC@GHMF[BSZIx@?fE@VBDA`@ATOr@GnBEVAxAGp@?v@EfA@ZAJGJAF@l@PdAANJfA?Rn@nD^vAH|@L^PbAJRJd@@Zb@pAPb@XhBV|@FHFRDTf@xANTTF@JJJFX,14.904,2179,Morning Run,0,0,FALSE,2,Run,2025-05-31T09:46:32Z,2025-05-31T10:46:32Z,(GMT+00:00) Europe/London,71,0,FALSE,Run,15633988920,15633988920,3600,everyone,NA,NA,NA,NA,NA,51.537764,-0.184675,NA,NA,51.53933,-0.183767,NA,NA
6,159183565,1,1,10.656,0,FALSE,FALSE,5.014600000000001,1705,19.2,13.2,stripped_garmin_ping_443552752538,FALSE,FALSE,FALSE,FALSE,FALSE,14634398848,0,FALSE,a14634398848,2,mhwxHfoc@CZILSnAU|@C`@GRBLCJ?J\x@VjBb@z@f@p@\t@RVTl@p@nAh@z@L^PTF?NYDYBaAA}@Le@b@]HOl@}@Te@PUd@cAPMRCFEb@e@No@T_@?SMk@A_@U}BEw@G_@Aa@E_@EqBBs@D]Lo@f@gB?gADm@?s@De@BkCF_@HaAp@oARSXSV?TI\ETKr@K~@EXFp@d@RV\NHJBPEpBDz@@|@A@@L`@`@ZNXFDH?JMZe@l@QXSH[XUHQ@c@CIBW?YEc@A]Dy@?KEO?kAJIBWEODWNAFMBML]dB?b@Gv@Dr@?VLx@Fp@@r@JbALdDCFAd@Ih@GLMLKVGf@CFSN]IG@KN[v@GFODWQe@_AIWEa@Sy@IMUOUYIQIGWFW?m@QC?EJETFr@?XWh@MDc@d@IAs@o@YHIHV|@h@bANRZj@`@n@NPnArBJJRf@JNJ@JEF@|@UL?CKS[GS_@u@CW@a@^Yt@_ADONQHST_@DSVo@VM\EXSFML}@N_@?KIg@Iu@KkAMeC@o@Mo@BWCg@FmANk@Dc@TaATcCFsAE_BBeAL_AJ]T]b@m@VWz@WL?LBhAUVKl@EB@jBxAFLFP@RCf@CpADl@?t@FNNNh@\JAB@HL?JQh@m@h@e@v@ONm@CK?YK[Fs@KaAB_@AODGAu@D,15.912,1694,Evening Run,0,3,FALSE,2,Run,2025-05-29T18:26:00Z,2025-05-29T19:26:00Z,(GMT+00:00) Europe/London,15,0,FALSE,Run,15616192582,15616192582,3600,everyone,NA,NA,NA,NA,NA,51.402757,-0.184566,NA,NA,51.406312,-0.18692,NA,NA
0,159183565,1,1,2.7036000000000002,0,FALSE,FALSE,0.44,662,0,0,stripped_garmin_ping_443434151998,FALSE,FALSE,FALSE,FALSE,FALSE,14629651028,0,FALSE,a14629651028,2,,4.248,586,Evening Swim,0,0,FALSE,2,Swim,2025-05-28T17:17:26Z,2025-05-28T18:17:26Z,(GMT+01:00) Africa/Algiers,0,0,TRUE,Swim,15611122022,15611122022,3600,everyone,NA,NA,NA,NA,NA,NA,NA,NA,NA,NA,NA,NA,NA
0,159183565,1,1,2.61,0,FALSE,FALSE,0.85,1520,0,0,stripped_garmin_ping_442942768118,FALSE,FALSE,FALSE,FALSE,FALSE,14614956778,0,FALSE,a14614956778,2,,23.544,1172,Evening Swim,0,0,FALSE,2,Swim,2025-05-27T18:28:02Z,2025-05-27T19:28:02Z,(GMT+01:00) Africa/Algiers,0,0,TRUE,Swim,15595336623,15595336623,3600,everyone,NA,NA,NA,NA,NA,NA,NA,NA,NA,NA,NA,NA,NA
0,159183565,1,1,2.736,0,FALSE,FALSE,0.8,1297,0,0,stripped_garmin_ping_442942729715,FALSE,FALSE,FALSE,FALSE,FALSE,14614956944,0,FALSE,a14614956944,2,,18,1052,Afternoon Swim,0,0,FALSE,2,Swim,2025-05-26T14:53:33Z,2025-05-26T15:53:33Z,(GMT+01:00) Africa/Algiers,0,0,TRUE,Swim,15595336659,15595336659,3600,everyone,NA,NA,NA,NA,NA,NA,NA,NA,NA,NA,NA,NA,NA
0,159183565,1,1,8.676,0,FALSE,FALSE,1.3594000000000002,2447,197,188,stripped_garmin_ping_442942687174,FALSE,FALSE,FALSE,FALSE,FALSE,14614952948,0,FALSE,a14614952948,2,sjxlDow`xMu@]A@AI]s@GBCFMFO?KICE@KPUFY?G]DQEOMCKAKLa@?OEGe@UQSCKFUAKECEBELBLX`@@JEFK@UKU_@EB?DHl@XXTHPb@RTBJ?XF`@f@\R~@VVRNVd@@^HZJIJCXEDG?IMi@O]Y_@AQQ[Us@GEGTMDQAKMAEDSNS?Yc@@UEGGESNe@@UEI[K]]AKH]CEIDCR@FNVBJ?JIFKAOQGWGCABBh@FPNLVLHZLDHJDP?\DPHL^LRR`AZDD}B_p@BLc@b@@@,28.368,564,Morning Run,0,0,FALSE,2,Run,2025-05-13T00:57:14Z,2025-05-13T06:27:14Z,(GMT+05:30) Asia/Kolkata,1,0,FALSE,Run,15595332542,15595332542,19800,everyone,NA,NA,NA,NA,NA,28.475224,77.513011,NA,NA,28.474189,77.505369,NA,NA
0,159183565,1,1,10.0836,0,FALSE,FALSE,5.0104,1789,194.6,189.4,stripped_garmin_ping_441715109635,FALSE,FALSE,FALSE,FALSE,FALSE,14575694692,0,FALSE,a14575694692,2,gkxlDgx`xMOK@NE?@BEIEc@IOG?GLGB[CGEAE?KT[B_@EAQHIBICSOKQ?GPg@?Wg@WWSEIAIHM@KEAG@GLZn@?HGFI?QEM[IICDFd@DJRPXLP`@VVBPAZDNFJ`@^FNBXDNV\VXL^B^FPDBPKZGDI@KOw@a@w@QUUo@IME?ALOHS@ICGKEMFIPQDQ?ICCUBMAYOCKAIPi@@ICI[SMCUQCODSAKGCCP@HNLLR?HABIDQCIGMWECEF@b@d@d@RJBBBNBJVPDLA^BTHNTRFNLj@FNd@^R\HPFh@T@ZIFG@I?MGWSg@KMO]SYUs@ECIPMBOCKKAKJWFU?Kg@?SKEKAKJs@GIQGGGY_@CMD]AEAAIFCHBJLNFN?PCBG@OEKOGQGACBAHHj@LNZRJ^XXDf@DVb@\JVDXFLJHJPd@d@Lb@BRFRj@IDGBOGa@IU_@m@m@}AEAEHYFMAIGCM@GRUJUCEC?W?MCOKEICI?MBKHQ@KKO]OWYAKDYCEGBAVPVBNKPE@O?MGEOCSGGDn@DHLPRJJJDZDJPHFH@`@FVHL^VNz@TPX^Vb@FT@VDDH@\ENO@MEa@GQW[OKQm@]}@EAIPA@[@MCEI?IX_@BWGCK?MFYQEGAUJ[@SEQYO]WCIF]AGCAIDCR@HTX?TKBWCGEISGCAHF\LNXNFHH\ZVFX@^DPb@^Tx@ZXRVJZNv@LBd@OHI@GMg@Oa@QQYc@Si@I_@ECONOBSAECEIFMVUBG?OEAQBQ?MIGIAUN_@?QIM]S]]?IF[GGIF?TDJPV@LMFK?MIW[E?AB@JLb@LL\PDHJ\RVDN@^BNd@b@JXF\NRLHNRFLJr@DRJ?NGRALGDG?GIOQk@g@w@GUG]MWGAEH]DKAKG?KROJO@WKCMBSCUQAI?KJo@CKGGYMYUASDQAEGAGH?FBHRV@HCJOFSEQ]KICBDb@BHPP`@TLb@XNBTB\DRJPTR,18.36,1789,Morning Run,0,0,FALSE,2,Run,2025-05-08T01:07:21Z,2025-05-08T06:37:21Z,(GMT+05:30) Asia/Kolkata,5,0,FALSE,Run,15553053287,15553053287,19800,everyone,NA,NA,NA,NA,NA,28.474867,77.505629,NA,NA,28.474286,77.50548,NA,NA
0,159183565,1,1,9.8496,0,FALSE,FALSE,4.4845,1646,193.2,186,stripped_garmin_ping_441715119418,FALSE,FALSE,FALSE,FALSE,FALSE,14575694862,0,FALSE,a14575694862,2,akxlDcw`xMSm@Wi@E?EJQDUGGGAKXc@@UACGCUFQASOGO?IPe@@Q_As@CGHU?MEAKBEF@H@FTZ?HIJO?QMMYI@AFLn@LFLPNHDDDZ^V@HCVL^d@\FNJh@x@|@HVFd@DJDBNGTCJK@WEc@MWSWSa@_@}@EAGFOFS?OG?MVYB]CAc@ASEKICI@ITa@?IEIc@[WUAKF[AGM@GBAD?DTd@ANGDG?ECQ_@IGED@f@BHTR\PBB@PBHVRBHCZH\LN\VDJDf@DJLHd@f@LXNn@FBd@IJK@ICWG[q@aAWg@GUIKGHSHK@MGCU\]BYEEc@BOCMIEK?KNo@?IEGWMe@a@AGHYCEEAIHAHDLNRBTEFI@MEQe@IAAL@RHZb@\P`@PPDL@TFZj@l@Hr@NRr@n@FPDd@FLRARGLKBGIo@GUo@iAWo@ICIHSDQAEGAKX[DOAGIAW@KAMEIICK?KNc@?KGQq@a@KK?KHUAGECC@GJAF@HRZ?PEDI?GEKMKUGGC@?VHb@TRXPDXVXBJAXBLLR`@^FT@TDPLN`@XNTHVF^DHF@d@IFEDOM_Am@w@O[IKK]E?UR[IEE?IVYDI@WGCSDKAYKGICONg@?Q[Qe@a@AIH[CEG?GN@HV\?NKFWEGIEUEGGF@\@LTVXNDJDTVNFTAVFZ`@^HLFb@JXVPVVNVFP?^@DDBZINAFEDG?MIy@o@{@a@iAE@QNS?OIAGRSHW@KGCW@KAQEKMCWNY?Wo@]WW?OHUCEKAGPFLPZ?JGFUAKOESI?AB@ZDPHNd@VF\DFRNFt@^`@LRJv@VRb@d@Nb@Hd@BBr@KFWKq@GOUUGQ,14.976,1639,Morning Run,0,0,FALSE,2,Run,2025-05-07T00:55:08Z,2025-05-07T06:25:08Z,(GMT+05:30) Asia/Kolkata,2,0,FALSE,Run,15553053456,15553053456,19800,everyone,NA,NA,NA,NA,NA,28.474257,77.505353,NA,NA,28.474254,77.505305,NA,NA
0,159183565,1,1,9.3168,0,FALSE,FALSE,3.2529,1259,194.2,188.6,stripped_garmin_ping_441715113039,FALSE,FALSE,FALSE,FALSE,FALSE,14575694865,0,FALSE,a14575694865,2,cqxlDa~`xMJf@XNDHFt@NRLHHLRp@\b@VTHJFPBXDPTBZGHI?EA[Ie@M_@Y[OWUm@ECGJWBYCEGBKX_@BOGG]?UIMICKBQJSCSSWECe@c@@IHM?OCEMBCDEZRTDN@HGDK@OQOa@C?GJF\HNFBHRHFDAFB?PHNVJFHAf@FTRVJFJ\BZJZj@n@P\D\FJF@LEZAHEBQGOEi@Uc@GEAIGIM[GEEc@ICMNY@WIEG?C@EJALO@IAKDMIAOFUEOGKKAMLSBOAKKMKIe@m@AKHG@KAGQAGN@LTb@BHCBGBMCKKQc@CDAHFRCB@FJV?BFDJNJXPJPPBLAZDNRTVJJ^DTDJPL`@p@JVNn@JHb@CNS@IIKAQMk@WWEM?IKKAGEGAYECDCACEGICCB@FIBQBYIKKAEBCLCHGLSAQGAc@Bc@UEQFSJQ?OS[m@]EMJ[EEG@GHAJNb@@NEDQGUa@CD?R@VJRX\LVXVFj@Pb@VXRbAHHHBFJRPLPHVFb@FBFAj@MDI?GQcAKWS[]gAMEKNQ@WEGEAMTOFKDSCCO@WAQIEIESLa@?SOOOW]W?GDOAGK?GFCFBRL`@AFMBIESc@GEC@Jn@R\XPH^ZR@DCPHj@JNVVTz@`@\V`@JRD`@LHb@CHCFMBOESCKa@m@c@oA,18.072,1257,Morning Run,0,0,FALSE,2,Run,2025-05-06T00:59:43Z,2025-05-06T06:29:43Z,(GMT+05:30) Asia/Kolkata,5,0,FALSE,Run,15553053458,15553053458,19800,everyone,NA,NA,NA,NA,NA,28.47436,77.505636,NA,NA,28.475229,77.506416,NA,NA
0,159183565,1,1,3.006,0,FALSE,FALSE,0.42,628,0,0,stripped_garmin_ping_441715117021,FALSE,FALSE,FALSE,FALSE,FALSE,14575694857,0,FALSE,a14575694857,2,,10.296,503,Evening Swim,0,0,FALSE,2,Swim,2025-04-28T18:14:07Z,2025-04-28T19:14:07Z,(GMT+01:00) Africa/Algiers,0,0,TRUE,Swim,15553053450,15553053450,3600,everyone,NA,NA,NA,NA,NA,NA,NA,NA,NA,NA,NA,NA,NA
0,159183565,1,1,2.6532,0,FALSE,FALSE,1,1503,0,0,stripped_garmin_ping_441715119356,FALSE,FALSE,FALSE,FALSE,FALSE,14575694848,0,FALSE,a14575694848,2,,17.568,1356,Lunch Swim,0,0,FALSE,2,Swim,2025-04-21T11:11:31Z,2025-04-21T12:11:31Z,(GMT+01:00) Africa/Algiers,0,0,TRUE,Swim,15553053449,15553053449,3600,everyone,NA,NA,NA,NA,NA,NA,NA,NA,NA,NA,NA,NA,NA
0,159183565,1,1,2.718,0,FALSE,FALSE,0.6,1006,0,0,stripped_garmin_ping_441715113228,FALSE,FALSE,FALSE,FALSE,FALSE,14575694847,0,FALSE,a14575694847,2,,16.56,795,Afternoon Swim,0,0,FALSE,2,Swim,2025-04-18T12:21:48Z,2025-04-18T13:21:48Z,(GMT+01:00) Africa/Algiers,0,0,TRUE,Swim,15553053446,15553053446,3600,everyone,NA,NA,NA,NA,NA,NA,NA,NA,NA,NA,NA,NA,NA
0,159183565,1,1,1.4544000000000001,0,FALSE,FALSE,0.375,1230,0,0,stripped_garmin_ping_441715112567,FALSE,FALSE,FALSE,FALSE,FALSE,14575694682,0,FALSE,a14575694682,2,,37.512,928,Afternoon Swim,0,0,FALSE,2,Swim,2025-04-12T16:15:55Z,2025-04-12T17:15:55Z,(GMT+01:00) Africa/Algiers,0,0,TRUE,Swim,15553053273,15553053273,3600,everyone,NA,NA,NA,NA,NA,NA,NA,NA,NA,NA,NA,NA,NA
0,159183565,1,1,2.6496,0,FALSE,FALSE,1,1544,0,0,stripped_garmin_ping_441715111127,FALSE,FALSE,FALSE,FALSE,FALSE,14575694681,0,FALSE,a14575694681,2,,37.440000000000005,1359,Morning Swim,0,0,FALSE,2,Swim,2025-04-05T07:41:38Z,2025-04-05T08:41:38Z,(GMT+01:00) Africa/Algiers,0,0,TRUE,Swim,15553053272,15553053272,3600,everyone,NA,NA,NA,NA,NA,NA,NA,NA,NA,NA,NA,NA,NA
0,159183565,1,1,3.8484,0,FALSE,FALSE,2.9948,6063,203.8,64.4,stripped_garmin_ping_441715114839,FALSE,FALSE,FALSE,FALSE,FALSE,14575694859,0,FALSE,a14575694859,2,ypzwHjuz@A?GJsAl@s@t@C?CKGABDAdAGLObAGNu@~DMd@@AEV@KDCKl@{@xEIZIn@]fBO~@m@jCIl@_@|@U`@Qf@e@~@Wx@UZc@jAe@p@ITKf@INCLAACD?BH??FD??@B?RSHGFABG`@CxAi@j@i@f@Sn@i@HCHQDCBKRMFMLKLc@RYP]D?@CL?LNL^RZF?LHHNBANJDHZXDV`@@VHNI@BH@HJb@FT@ZDXZ@NN^Fl@J`@FDRAXXHJBLNNRNH@FH?Fd@n@F^EPAANMLI@IDBHIV]JaAJa@Pe@Je@N]Ji@HKB]Z}@Fa@DELk@T]@IHKVU\c@NKHKhAm@LO@@DIPKZMLIL?NIZ[NYRWl@e@Pi@JKLWR@HGT[PK@ILUl@_@NCv@w@X_@B?\M^EfAs@v@[t@g@XI^SZWVKBKNKL?b@Gl@NCE@A@?CBDAAE@BB??ICAAB?CB?ABFR|@Bt@n@HBFHVFL?f@b@PHZTTLXBRh@@JRHTn@HNLPTHNTj@p@Jl@j@~@RNXJl@FJFPDLL^Q,8.424,2801,Lunch Workout,0,0,FALSE,2,Workout,2025-03-30T11:18:57Z,2025-03-30T12:18:57Z,(GMT+00:00) Europe/London,143,0,FALSE,Workout,15553053454,15553053454,3600,everyone,NA,NA,NA,NA,NA,51.247279,-0.311174,NA,NA,51.25917,-0.30566,NA,NA
0,159183565,1,1,2.6892,0,FALSE,FALSE,1.02,1521,0,0,stripped_garmin_ping_441715109992,FALSE,FALSE,FALSE,FALSE,FALSE,14575694680,0,FALSE,a14575694680,2,,28.152,1365,Evening Swim,0,0,FALSE,2,Swim,2025-03-25T18:47:37Z,2025-03-25T18:47:37Z,(GMT+00:00) Africa/Abidjan,0,0,TRUE,Swim,15553053270,15553053270,0,everyone,NA,NA,NA,NA,NA,NA,NA,NA,NA,NA,NA,NA,NA
0,159183565,1,1,2.8836000000000004,0,FALSE,FALSE,1.02,1399,0,0,stripped_garmin_ping_441715107475,FALSE,FALSE,FALSE,FALSE,FALSE,14575694683,0,FALSE,a14575694683,2,,24.48,1274,Evening Swim,0,0,FALSE,2,Swim,2025-03-18T18:52:46Z,2025-03-18T18:52:46Z,(GMT+00:00) Africa/Abidjan,0,0,TRUE,Swim,15553053277,15553053277,0,everyone,NA,NA,NA,NA,NA,NA,NA,NA,NA,NA,NA,NA,NA
0,159183565,1,1,16.8228,0,FALSE,FALSE,0.4159,151,1373.8,1341.6,stripped_garmin_ping_441715124734,FALSE,FALSE,FALSE,FALSE,FALSE,14575694853,0,FALSE,a14575694853,2,on_{Geo}hAGUGw@Mc@Kq@EIIGs@]Ua@EU@mAG]Y_AAe@JaA^_BBwBG_@OUMIOCC@RzBPnA,31.752000000000002,89,Afternoon Alpine Ski,0,0,FALSE,2,AlpineSki,2025-03-12T14:55:16Z,2025-03-12T15:55:16Z,(GMT+01:00) Europe/Rome,8.8,0,FALSE,AlpineSki,15553053447,15553053447,3600,everyone,NA,NA,NA,NA,NA,46.533765,12.11962,NA,NA,46.533043,12.116512,NA,NA
0,159183565,1,1,10.89,0,FALSE,FALSE,0.8017000000000001,701,1381.4,1350.6,stripped_garmin_ping_441715114421,FALSE,FALSE,FALSE,FALSE,FALSE,14575694851,0,FALSE,a14575694851,2,eo_{Gkp}hAU{@QWWSa@o@DM?[BSOo@Hi@AMW_@Bi@C}@@[LODSF}B?eAEYKUSIO?G@GLj@`ErA~PCa@IQc@a@Ig@HkBIa@[e@EOAc@NeAC[O_@AKDSNU@@LiAF}@AYGa@QYGEE??A,30.816000000000003,265,Lunch Alpine Ski,0,0,FALSE,2,AlpineSki,2025-03-12T10:46:18Z,2025-03-12T11:46:18Z,(GMT+01:00) Europe/Rome,29.8,0,FALSE,AlpineSki,15553053451,15553053451,3600,everyone,NA,NA,NA,NA,NA,46.533801,12.120489,NA,NA,46.533151,12.1167,NA,NA
0,159183565,1,1,9.2088,0,FALSE,FALSE,10.0059,14409,1380.8,1335.6,stripped_garmin_ping_441715117214,FALSE,FALSE,FALSE,FALSE,FALSE,14575694864,0,FALSE,a14575694864,2,io_{Geq}hASSDAO[ECWcAWuB?q@[GJm@Le@CISDFu@Qi@TiADyACe@_@UIQEX\~CpCfQ?i@UCK[o@FCIDk@EOY[UII[PcA@a@F_@GW@c@KmAD[C]@gCUcBQMM?ZvCnCxRGW}@gBQ{@?SUYBmAWi@HoAEiBHiCWwAUSIA`@pD~BrQUgAEJB@EKWKEo@]WCWD]Kc@SCGMAc@^_BC[Wq@NiB?w@Eu@Kk@Qk@OC@ZDT^fDlCzS?y@K]_@S_@c@Cm@Ki@?UYo@@q@Su@AOFwAMi@NwA@kAOaBSm@UU~CpWs@{@COAs@Mm@Ce@Kg@GkAAe@Wq@HiAJY?sABqAKu@Yk@IIn@Xy@MLdBpCxS]g@a@iAI{@Me@GeAMs@AgCDo@E{DE]Ym@Q@AZ|CtV[_@]gAEw@Kc@E_AOq@?wAI_AHyEWqAOUUC`DlWg@w@MkASu@Gy@Ma@OoCBeAEg@NkBAi@g@aBGGIBB|@b@vCvAdQBeAC_@GWc@aAKwBMm@?cAEiADcBGcBOwA@LSYQNd@bEpC~PSy@Uk@CYMUCWYeASe@Q{CGY?[Hi@AqCEa@Os@SWQ@Lp@\dD~BlPU[Oq@U]MaAYq@AMI{@BiAQw@D[Ae@FgBCwB_@aAG@KNd@~D|A|QCc@Ok@G{@Ok@Aq@Mg@Cs@Im@K_DFc@?k@De@GyAI[Y_@K[@t@~BhWGi@EECm@]]GMCa@By@Ye@Ku@@]KeA?k@GW@Y^eC@q@]gBKIMB?f@f@rDtA~P?e@UeAE{@Q{@AwA_@sBAk@HaA@}C_@gBUc@SUJ^LjBRxAtAtRC_BUeAC}@SgACgAS}@?qBReC]_BQe@IGE|@|CbVe@{@KeAWcAEgA[qA?cAN_Ea@{CIQOEANFx@^dDdAbQOmA[kAQ_A?iAYkB?sAZoBBk@@q@Ce@Ms@OWMIQFPf@ZbDlAtQ]_BIiBM{@EgAc@eC@]^kBDm@?u@Mw@OW]UG]p@dGnAvPo@eDGkBo@sD@m@j@aC@]I_@o@{AOm@GQV|@u@_BoBmBIOCOIJvE|KvApQ?gAWwBm@{D?eGKyAi@yA]Y@EX|@Hd@b@vDnAhQEyAIe@_@iAAwAEe@_@aBBaAA_APwA@m@UcAs@gB,33.048,3911,Lunch Alpine Ski,0,0,FALSE,2,AlpineSki,2025-03-10T11:33:21Z,2025-03-10T12:33:21Z,(GMT+01:00) Europe/Rome,643.4,0,FALSE,AlpineSki,15553053462,15553053462,3600,everyone,NA,NA,NA,NA,NA,46.534038,12.120903,NA,NA,46.533172,12.116837,NA,NA
0,159183565,1,1,5.396400000000001,0,FALSE,FALSE,2.642,4921,1385,1314.8,stripped_garmin_ping_441715118865,FALSE,FALSE,FALSE,FALSE,FALSE,14575694863,0,FALSE,a14575694863,2,kn_{Ggm}hA?o@Ms@g@qAMi@_@y@Qw@EiAFg@EE@HGq@@oABeACoBKsAWQI@GAAF@TP|AxCpRKwAEUI[QMIMm@qBG]KgB?wDCo@Eg@My@?IUCEBBd@AFtDlXAs@QaBMi@GWIOc@c@[k@@CGW?a@BYAGMU?I@ICaAD_AA_AC]?gAOaA[m@C?AD?@DE?CBv@FTF`AzC|TCa@KSESg@s@e@eAa@yBMiC@{@?w@BYJe@Bm@AcAK}A@GCPKEUA@Pd@jE`CpPUsAI}@M]g@_AIUGWAs@Ec@A_@Ga@Ak@FaAAgCIo@[mA@MHC?B?C@??Be@BECSo@[m@GIUKe@_@OSACIEEMOKA@YAMBBDA?AgBYl@CPEC@GC[EIICYQ]GGCQOKSK[?OQa@B_@He@Ei@Dm@FEPEFKKo@KKYMOm@O]?B,23.759999999999998,1763,Afternoon Alpine Ski,0,0,FALSE,2,AlpineSki,2025-03-09T14:33:21Z,2025-03-09T15:33:21Z,(GMT+01:00) Europe/Rome,119.8,0,FALSE,AlpineSki,15553053459,15553053459,3600,everyone,NA,NA,NA,NA,NA,46.536097,12.124528,NA,NA,46.533027,12.116208,NA,NA
0,159183565,1,1,2.8908,0,FALSE,FALSE,1.02,1369,0,0,stripped_garmin_ping_441715116649,FALSE,FALSE,FALSE,FALSE,FALSE,14575694849,0,FALSE,a14575694849,2,,16.344,1271,Evening Swim,0,0,FALSE,2,Swim,2025-03-06T19:00:50Z,2025-03-06T19:00:50Z,(GMT+00:00) Africa/Abidjan,0,0,TRUE,Swim,15553053452,15553053452,0,everyone,NA,NA,NA,NA,NA,NA,NA,NA,NA,NA,NA,NA,NA
3,159183565,1,7,7.9092,0,FALSE,FALSE,4.9716000000000005,2329,33.8,25.7,stripped_F98AA055-EB45-4142-9728-9EEF6AF8A2EB-activity.fit,FALSE,FALSE,FALSE,FALSE,FALSE,13694180280,0,FALSE,a13694180280,2,yqlyHxfz@DTZt@?L`@hAFDFh@RZDATDNHFEj@?PGH@TGR?PGDBDAFDZGNGLBDEJEDB@FB@HETAP]FBHLZNFJRNHA@EJCDIFCd@NRRJ?HZRTBFXAR@TDP@HNBAFL?ZJXAHOn@?RGRAZERDx@GpABZALJ\@PFHA^Hv@ALFZALL|@T@FN@ALTJBTPl@BFDDCN@DBT?j@LFAH@DCHA\TLJ^JD?FFF?RLLB`@TLBJHFFNBXRTDXPH?LHFFH@NJJ@f@\VFPJF@ZJFDZHVPDAFDZFRCd@@BEF?J\Fj@IkAAAC@_@YM?QJI^STQ`@ORAJKNWx@GDKX[p@K`@YZCJIHAHW`@OJSBICMIUa@OOKGK@CDcA?A^C@[R_@PKLSDKECBCCI?GNKOAKW]Y}@GG]GEEAIJYZg@l@mAH[Hu@Dw@GcAE]Co@EW?_@E_@GOC[FULEJ@RTLDF?BBP@RPRFNH`@Nx@b@h@TRDTNJ@b@PTNTFNJTFHJD?LHF?`@TNFXNDF@D?BMLKXKP[|@CJEFK^QZ]`Ac@l@EN]l@_@HYGIGYe@MKM?IBGF_@DkAp@MLe@LE?GCI?KUW[Yu@MMa@IGKDQJK\o@Ro@JSL]Fg@Be@A[QcDCYCu@Ec@DSJARDPLl@RLHLDPLHBLJVJLHVFpAj@DFNBb@RH@\NJFvAp@b@Pf@DBC@B?DCDQHMXGBGJa@nAMPM^MZ{@zAWn@[\QBUGKGIKKKKQWICNKFABC@O?WHGDQXOLUDMHMBCCKDI?IKQWSQc@cAMKUEKKD?LKHOZaAPa@DEFQ@?Lk@@_@E}AIq@CcAM{A?[HKVRXNJ@FFF?DHNHVH@BL@d@XPBFFVFFFN@t@d@f@NVTZJn@X^@dATFB@JEVSPCNKNCJQd@Gb@OPm@~AOTITMNUd@STMBCAG@YOGGKS_@UMJK@UL_@Hy@`@UFMLIDOCMSMGIMGE]y@o@YCKBIDAFO@IJMFMT_@Tg@LW?M,13.968,2263,Lunch Run,0,1,FALSE,2,Run,2025-02-22T10:41:31Z,2025-02-22T10:41:31Z,(GMT+00:00) Europe/London,12.9,0,FALSE,Run,14613691720,14613691720,0,everyone,NA,NA,NA,NA,NA,51.50993,-0.310762,NA,NA,51.515336,-0.303327,NA,0
